id,happniess
8001,3.780507126
8002,3.217754498
8003,3.235184469
8004,4.275597747
8005,3.289076959
8006,3.890599627
8007,4.085398342
8008,4.5757689
8009,3.943092343
8010,2.973074391
8011,3.205224191
8012,3.745562833
8013,4.079897461
8014,3.648304835
8015,3.943012111
8016,4.331208421
8017,3.839878388
8018,4.400865659
8019,3.969103907
8020,4.065068171
8021,4.026043409
8022,3.860503866
8023,3.74550373
8024,3.153264464
8025,3.740486051
8026,4.043964366
8027,4.224131096
8028,4.165089062
8029,4.35693392
8030,3.945217467
8031,3.897524335
8032,3.741322918
8033,4.199532253
8034,3.41850849
8035,3.450929858
8036,4.547822597
8037,4.005819234
8038,3.939132694
8039,3.706802602
8040,4.227721529
8041,4.363145538
8042,3.841628335
8043,4.036080017
8044,4.030578751
8045,4.335516025
8046,3.909610269
8047,4.319168104
8048,4.05712858
8049,3.938390182
8050,4.232778549
8051,3.883038146
8052,4.178806898
8053,3.087038493
8054,3.839577113
8055,4.328448265
8056,2.688686261
8057,3.766362313
8058,3.307836603
8059,3.093077763
8060,4.116838612
8061,3.069547733
8062,3.5584252
8063,4.237845931
8064,4.058959533
8065,3.89782835
8066,4.389428205
8067,4.207312909
8068,3.997340785
8069,3.603150483
8070,4.125249609
8071,4.046628467
8072,4.853637133
8073,3.732663332
8074,3.953667237
8075,3.14070631
8076,3.951439098
8077,3.554086721
8078,3.972819792
8079,4.466773206
8080,3.923107274
8081,4.008146513
8082,3.784667858
8083,4.383549687
8084,4.384054032
8085,4.397087814
8086,3.975561109
8087,3.893348232
8088,4.005811645
8089,3.715820242
8090,3.727581035
8091,4.113746446
8092,3.538156346
8093,4.581157949
8094,4.226035084
8095,4.697105341
8096,3.285978041
8097,4.725711631
8098,3.641081928
8099,3.724624952
8100,4.034259852
8101,4.400825238
8102,3.992875079
8103,3.408688517
8104,4.47440515
8105,3.996717062
8106,4.303090022
8107,4.249076837
8108,3.839823036
8109,3.924339333
8110,3.863398898
8111,4.213137693
8112,3.471194506
8113,3.966744193
8114,4.295595945
8115,4.098462059
8116,4.060783564
8117,3.70897882
8118,3.824092898
8119,4.028934397
8120,4.397736937
8121,3.532210909
8122,4.21632803
8123,3.686153064
8124,3.809879825
8125,4.19920838
8126,4.37958157
8127,1.653063075
8128,3.926096979
8129,3.915398411
8130,3.950476046
8131,4.159849544
8132,4.138967829
8133,4.131039773
8134,4.239281371
8135,4.01287832
8136,4.270406545
8137,4.253525258
8138,3.807142726
8139,3.692479806
8140,3.39404719
8141,4.08671261
8142,3.786909862
8143,4.364447483
8144,3.691239321
8145,4.065644435
8146,2.547229329
8147,4.450294721
8148,3.072141714
8149,3.595083268
8150,3.73914832
8151,2.602570936
8152,4.124416668
8153,3.622402832
8154,3.667785687
8155,3.792301686
8156,3.858351772
8157,3.295835638
8158,3.468090163
8159,3.970038976
8160,4.116195812
8161,3.512324236
8162,3.971863256
8163,3.816342839
8164,3.922759659
8165,4.017940478
8166,4.404015992
8167,3.906130734
8168,3.159203835
8169,3.324386294
8170,3.967424718
8171,3.872463079
8172,3.841838413
8173,3.667366169
8174,3.968285708
8175,3.756681775
8176,4.249414225
8177,2.602318512
8178,4.290263875
8179,4.261057196
8180,3.447492141
8181,3.635176644
8182,3.923093207
8183,3.720469046
8184,3.702432942
8185,3.498807017
8186,3.790956638
8187,4.193575105
8188,3.636780816
8189,4.042669997
8190,4.150754615
8191,3.896102327
8192,3.773251983
8193,3.905835595
8194,4.166976571
8195,4.394197794
8196,3.485261728
8197,4.11993877
8198,4.252771129
8199,4.140042962
8200,5.043727807
8201,3.537617345
8202,3.896194825
8203,3.803783659
8204,4.155176931
8205,4.224114806
8206,4.032975894
8207,3.673814096
8208,3.855955107
8209,4.066755148
8210,3.739586359
8211,3.793277111
8212,4.32390024
8213,4.286368599
8214,3.91270231
8215,3.666420788
8216,3.478891291
8217,3.68868413
8218,3.793443838
8219,3.761586204
8220,4.111702745
8221,4.370067496
8222,4.078676202
8223,3.336221159
8224,3.908075871
8225,4.140264897
8226,3.981999368
8227,4.398803029
8228,3.526403686
8229,4.127684534
8230,3.035504135
8231,4.061361493
8232,3.93321686
8233,3.837404837
8234,3.981519348
8235,3.58332643
8236,3.037469939
8237,3.452215199
8238,4.13161193
8239,4.002368553
8240,3.117806547
8241,3.472516589
8242,3.785864217
8243,4.487763299
8244,4.184099291
8245,3.648804386
8246,3.985489816
8247,3.911364773
8248,3.907126754
8249,4.382272131
8250,4.218427083
8251,4.264315766
8252,4.41123156
8253,3.851741295
8254,3.748595575
8255,3.745484474
8256,3.370733213
8257,3.927420133
8258,2.945287501
8259,4.417451075
8260,4.004414173
8261,4.100765909
8262,3.757010623
8263,4.055445214
8264,4.09171608
8265,4.384162731
8266,3.225804296
8267,3.72859917
8268,3.993447108
8269,3.409936559
8270,3.847071195
8271,3.192637589
8272,4.100415641
8273,4.00627686
8274,3.537132012
8275,4.279271875
8276,4.267689762
8277,4.312127187
8278,3.662225789
8279,4.528699304
8280,4.165977709
8281,4.173211949
8282,4.022458988
8283,4.099501001
8284,4.106518154
8285,3.901604017
8286,2.410661899
8287,4.456052818
8288,4.009472029
8289,4.147454268
8290,4.273029936
8291,4.122064338
8292,4.161636617
8293,3.795051929
8294,4.378686446
8295,3.88980771
8296,3.991606951
8297,3.741390596
8298,4.842127999
8299,2.699855204
8300,3.264931532
8301,3.958537446
8302,4.376221887
8303,3.998193041
8304,4.014106661
8305,4.161091609
8306,4.836627764
8307,3.871012546
8308,4.446563843
8309,4.010563139
8310,3.811106574
8311,4.245977961
8312,4.713304681
8313,4.546994018
8314,2.989606675
8315,4.018492904
8316,4.140075559
8317,3.95450687
8318,4.15662995
8319,3.218767115
8320,4.017772417
8321,4.29109853
8322,4.198502976
8323,3.794025565
8324,3.55803985
8325,4.030808888
8326,4.445080012
8327,3.730821536
8328,4.119248625
8329,2.977633508
8330,4.326166525
8331,4.358597638
8332,3.884759058
8333,3.594352289
8334,4.305772898
8335,3.680389584
8336,3.973549769
8337,3.589418452
8338,4.1788528
8339,3.782155057
8340,3.317535171
8341,3.916656366
8342,4.101428303
8343,3.227462921
8344,4.14798978
8345,3.855152223
8346,3.580641925
8347,3.364289495
8348,4.16160885
8349,4.045826695
8350,3.287702474
8351,4.013576014
8352,3.625651185
8353,3.152407843
8354,4.138012835
8355,3.582389025
8356,4.194450606
8357,3.86962361
8358,3.825600475
8359,3.577139891
8360,3.858338438
8361,3.703078738
8362,4.218836468
8363,3.787428075
8364,3.302581153
8365,3.754135109
8366,3.791812719
8367,4.119941436
8368,3.960897208
8369,3.766434285
8370,3.158030059
8371,4.083848558
8372,3.532253025
8373,2.173899966
8374,2.837958247
8375,4.199850312
8376,4.872078302
8377,4.131668837
8378,4.079121694
8379,4.282407523
8380,3.381657207
8381,4.488625829
8382,4.104175024
8383,4.397378352
8384,3.180478871
8385,3.885616923
8386,4.206524437
8387,4.055911029
8388,4.011135972
8389,3.36671133
8390,4.226134075
8391,3.536359397
8392,3.28237868
8393,3.912874238
8394,4.218987899
8395,4.269574949
8396,3.846979107
8397,4.0174817
8398,3.574182889
8399,4.257381544
8400,4.10685125
8401,5.000364155
8402,3.911682585
8403,4.416795313
8404,3.890573151
8405,4.422139443
8406,4.09931269
8407,3.833491734
8408,4.758746834
8409,4.128558625
8410,3.862860804
8411,4.102348447
8412,3.475654301
8413,3.751683306
8414,4.215365021
8415,3.577778855
8416,4.204703074
8417,3.958769109
8418,4.666122921
8419,3.404284061
8420,3.992411425
8421,4.072105047
8422,3.536760853
8423,4.311251544
8424,2.823141071
8425,4.104448967
8426,4.183827139
8427,3.653179142
8428,4.43084181
8429,3.983819713
8430,4.226825735
8431,3.906620421
8432,4.078697483
8433,3.877279344
8434,3.817612069
8435,3.82634708
8436,3.895724758
8437,4.117492391
8438,4.159038465
8439,3.360632796
8440,2.886998365
8441,4.077884144
8442,4.019927358
8443,3.983675796
8444,3.932942174
8445,3.569095676
8446,4.024885918
8447,3.683877506
8448,3.381989585
8449,3.92243719
8450,3.571123827
8451,2.832112961
8452,2.913040078
8453,4.397436586
8454,4.148745436
8455,3.80607026
8456,3.802840017
8457,3.725735603
8458,3.862511912
8459,4.379929712
8460,3.780160015
8461,3.422742231
8462,3.673607495
8463,4.112402789
8464,3.610426708
8465,3.980258356
8466,4.501526537
8467,2.623835422
8468,3.299596717
8469,4.205713041
8470,3.835142013
8471,3.889212254
8472,4.168939485
8473,4.061715994
8474,4.085838949
8475,4.034876386
8476,4.410008523
8477,4.278714864
8478,3.994913505
8479,4.091301923
8480,3.466532281
8481,4.02325492
8482,3.352163012
8483,3.692175836
8484,4.34245984
8485,3.938870609
8486,4.744192668
8487,3.982675273
8488,4.120460847
8489,4.822655099
8490,3.996326502
8491,4.200437531
8492,4.292582248
8493,4.319427148
8494,3.786040829
8495,4.053731077
8496,4.627213767
8497,2.918655668
8498,3.406955781
8499,4.167462377
8500,3.825247503
8501,4.023829024
8502,2.98014548
8503,4.144056525
8504,3.371869493
8505,2.818574693
8506,4.386540527
8507,4.131000996
8508,3.634164531
8509,4.716655165
8510,3.852500913
8511,3.917094627
8512,4.248907881
8513,3.971298925
8514,4.261214672
8515,3.692695907
8516,3.457876768
8517,3.782974244
8518,3.107796574
8519,4.501705633
8520,4.486364229
8521,3.972273303
8522,3.042540349
8523,3.572736999
8524,3.626370272
8525,3.983459473
8526,4.574654111
8527,3.238733434
8528,3.373039825
8529,4.044298171
8530,4.243343446
8531,4.483758242
8532,3.695909017
8533,3.916331808
8534,4.267842365
8535,4.18408144
8536,3.702981857
8537,3.396817216
8538,3.677038002
8539,4.006369317
8540,4.192055908
8541,4.496974396
8542,3.796770778
8543,3.643836329
8544,3.959161443
8545,3.889948551
8546,3.803683768
8547,4.133666488
8548,4.360439573
8549,3.401197913
8550,3.713454986
8551,4.037000767
8552,4.243739225
8553,4.249598884
8554,3.857158515
8555,4.743051203
8556,3.913245977
8557,3.919705566
8558,3.645167033
8559,3.83994313
8560,2.239988738
8561,3.862695639
8562,4.240107957
8563,3.701368553
8564,4.096723622
8565,3.843216183
8566,4.141003398
8567,4.497210575
8568,3.647416553
8569,2.603435259
8570,4.281432615
8571,4.127753618
8572,3.068114219
8573,1.970528762
8574,3.642848847
8575,3.957439419
8576,3.396523642
8577,3.950950151
8578,3.664656862
8579,4.368414996
8580,4.378732482
8581,4.273877573
8582,3.746975582
8583,4.402901296
8584,4.05560497
8585,3.985646433
8586,4.436502683
8587,3.715332708
8588,4.644296654
8589,4.226575719
8590,4.013571171
8591,4.196323663
8592,4.087627707
8593,3.911151745
8594,3.807220989
8595,2.583521446
8596,4.246108807
8597,3.784074484
8598,3.566135051
8599,3.76708054
8600,3.630392681
8601,2.960310016
8602,2.956787999
8603,3.83051159
8604,3.760168336
8605,3.140356488
8606,3.91493496
8607,3.978693152
8608,3.647630433
8609,4.418923272
8610,3.131289865
8611,4.40028452
8612,3.571510087
8613,4.141694762
8614,4.00377632
8615,4.438484331
8616,4.430272632
8617,3.81778968
8618,3.671348233
8619,4.28677159
8620,4.239936648
8621,2.435613276
8622,4.289151609
8623,4.846761786
8624,3.486476673
8625,2.927526999
8626,4.05139567
8627,4.154234651
8628,4.357659621
8629,3.821788703
8630,4.249512245
8631,3.969789503
8632,3.30612139
8633,3.692934231
8634,3.629360543
8635,3.40707282
8636,3.877567246
8637,3.605199543
8638,4.139880275
8639,3.003339329
8640,3.30121873
8641,4.294756027
8642,3.235415986
8643,3.862164373
8644,4.456991175
8645,3.57716409
8646,3.811141808
8647,3.592783703
8648,4.046966479
8649,4.32772691
8650,3.614211083
8651,4.344126688
8652,2.806044091
8653,3.83656465
8654,4.280315157
8655,3.326506146
8656,4.24152911
8657,4.159065063
8658,2.564911001
8659,3.528994602
8660,4.168593363
8661,3.998773209
8662,4.133689348
8663,4.593341227
8664,3.374946622
8665,4.047740099
8666,4.060189927
8667,4.238442543
8668,4.302817351
8669,3.623609302
8670,3.828108163
8671,3.277609974
8672,4.16818485
8673,2.317422247
8674,4.508034456
8675,3.368813904
8676,4.040126978
8677,3.840688517
8678,4.058817312
8679,4.136642851
8680,3.277414928
8681,3.713375284
8682,3.81313027
8683,3.719911924
8684,4.160228031
8685,3.767660054
8686,3.967772365
8687,4.207062845
8688,4.116279671
8689,4.150719466
8690,3.968575757
8691,4.087544261
8692,4.136314609
8693,3.67761133
8694,3.023645423
8695,3.771035174
8696,3.655844527
8697,3.948115552
8698,4.102118917
8699,3.885189274
8700,4.305410549
8701,4.368804588
8702,3.934022303
8703,4.09958654
8704,3.667118918
8705,3.32115309
8706,3.31625079
8707,4.372290087
8708,4.049139728
8709,3.428696184
8710,4.055995349
8711,3.51411476
8712,4.082536691
8713,4.373226663
8714,3.782048694
8715,4.568059003
8716,3.894953394
8717,4.147106817
8718,3.725341544
8719,4.08473358
8720,3.904897889
8721,3.391241901
8722,3.980003532
8723,2.835654786
8724,4.043840675
8725,2.947229924
8726,3.836911728
8727,3.787622444
8728,3.904725013
8729,4.461594494
8730,2.797486718
8731,3.937955961
8732,3.870192906
8733,4.068639658
8734,3.594550432
8735,4.093092703
8736,2.840447633
8737,4.240198837
8738,4.251845044
8739,4.136676806
8740,3.884003493
8741,3.623536802
8742,3.92720733
8743,3.95621045
8744,3.420282182
8745,3.796075017
8746,4.029528324
8747,4.210971748
8748,5.136660833
8749,4.256212191
8750,4.287294934
8751,4.251198452
8752,3.174070589
8753,4.27590532
8754,3.348339784
8755,4.145283
8756,2.652275608
8757,4.111241423
8758,4.007773543
8759,4.514955931
8760,3.608572943
8761,3.924486162
8762,1.691128566
8763,3.974185362
8764,3.836311541
8765,3.859114907
8766,4.267825086
8767,4.057708353
8768,4.111642048
8769,4.019550038
8770,4.112108958
8771,4.480253823
8772,4.21908495
8773,4.287266252
8774,3.973432796
8775,4.042060072
8776,4.373152016
8777,4.041813581
8778,3.666412989
8779,3.665395271
8780,3.320579069
8781,3.11655965
8782,4.542378647
8783,4.438407924
8784,4.300290052
8785,4.141058698
8786,3.90564622
8787,3.266583765
8788,3.408770221
8789,3.928600451
8790,3.998691178
8791,3.161013257
8792,3.262820244
8793,3.923178061
8794,4.368050927
8795,4.050621782
8796,4.48045613
8797,3.278234588
8798,3.998253789
8799,4.311345156
8800,3.589886288
8801,3.7052987
8802,2.917024731
8803,3.78216963
8804,3.830692243
8805,4.116041805
8806,3.848362477
8807,3.874313807
8808,4.963459791
8809,3.927574275
8810,4.611405079
8811,2.487297934
8812,4.100560386
8813,4.710888644
8814,3.4789638
8815,4.497988774
8816,3.439001893
8817,3.968630802
8818,4.114326385
8819,3.555034179
8820,2.883595152
8821,4.126161253
8822,3.239256511
8823,4.136515887
8824,3.886091124
8825,3.47229627
8826,3.816066271
8827,3.958335356
8828,3.842601339
8829,3.121239428
8830,3.245849741
8831,4.524422773
8832,3.533489913
8833,4.339861883
8834,3.926368094
8835,3.811679472
8836,3.54011263
8837,3.967724807
8838,3.845168607
8839,3.49328033
8840,4.152005691
8841,4.21807886
8842,4.388138835
8843,4.355098825
8844,3.995958648
8845,4.557186618
8846,4.16209589
8847,3.103538079
8848,3.55268604
8849,3.082181367
8850,2.556652793
8851,4.305389204
8852,3.108767175
8853,4.029864739
8854,3.906954543
8855,2.964582842
8856,4.097597878
8857,3.905014478
8858,3.302190836
8859,3.652751681
8860,4.165124549
8861,3.333885632
8862,3.749746949
8863,3.996916043
8864,3.935506694
8865,4.175401572
8866,4.10313
8867,3.603541601
8868,4.23690619
8869,3.636316506
8870,4.213496579
8871,3.622658341
8872,3.999497188
8873,3.560319435
8874,3.196355246
8875,3.811529591
8876,3.613671998
8877,4.359813729
8878,4.405575229
8879,4.324492839
8880,4.211770696
8881,4.13279735
8882,3.324995609
8883,3.626259608
8884,3.623524968
8885,4.091627092
8886,3.163327052
8887,4.171193429
8888,4.684731517
8889,3.553898855
8890,4.131090832
8891,4.095395191
8892,3.652235039
8893,3.85309301
8894,3.634645606
8895,4.870572411
8896,4.13642112
8897,3.986209462
8898,3.823372598
8899,4.458334327
8900,3.815654363
8901,4.117788479
8902,3.369393469
8903,3.917543843
8904,3.742897812
8905,3.586958009
8906,2.842098016
8907,4.106950187
8908,3.312156009
8909,4.227164395
8910,4.211519088
8911,4.204942272
8912,4.399451858
8913,4.292042466
8914,4.392948229
8915,4.446114857
8916,3.781197235
8917,3.08616831
8918,4.308287079
8919,4.39116808
8920,3.354321902
8921,3.569769829
8922,4.097180449
8923,3.8284834
8924,4.085671015
8925,3.769441391
8926,4.284451761
8927,3.969462969
8928,3.141442501
8929,4.277940798
8930,4.53177792
8931,3.466342784
8932,4.135169187
8933,3.302016213
8934,4.03382912
8935,3.697203955
8936,3.947203814
8937,2.962765195
8938,3.795320912
8939,4.202934767
8940,3.746446197
8941,3.719429572
8942,3.875961402
8943,3.680937086
8944,3.905910461
8945,4.233742444
8946,4.406340959
8947,3.722004229
8948,4.128015863
8949,3.940515167
8950,3.852588894
8951,2.853783788
8952,4.30694475
8953,3.866291303
8954,3.973991116
8955,3.706991391
8956,3.48274671
8957,4.163373899
8958,4.132945421
8959,4.214802244
8960,4.28972877
8961,3.742537493
8962,4.129111925
8963,3.837467183
8964,4.239106827
8965,4.249746415
8966,3.918618049
8967,4.043705039
8968,3.800596249
8969,4.363571372
8970,3.902543022
8971,4.05578021
8972,3.391058337
8973,3.527832001
8974,4.075506431
8975,4.185943212
8976,4.144214071
8977,4.491976945
8978,3.775814305
8979,4.431382847
8980,3.376036076
8981,4.232967124
8982,3.255959884
8983,4.358662231
8984,4.230394115
8985,4.205057934
8986,4.250078487
8987,3.950185637
8988,4.38804427
8989,4.683234235
8990,3.814452124
8991,4.248132441
8992,4.066222505
8993,3.13306022
8994,4.048232423
8995,4.167225822
8996,3.640068046
8997,3.406151496
8998,3.786106523
8999,4.047395759
9000,3.893072686
9001,4.051027119
9002,4.455869916
9003,4.1255633
9004,3.012472181
9005,3.94583397
9006,4.080012176
9007,3.506257632
9008,3.578980462
9009,3.518859425
9010,4.224333757
9011,4.619422544
9012,4.051615447
9013,3.556056995
9014,3.825917401
9015,3.999023286
9016,4.342697638
9017,4.234897048
9018,3.839836782
9019,3.798744379
9020,3.877508027
9021,4.119854586
9022,4.303421499
9023,2.672949767
9024,4.036659989
9025,3.573902535
9026,4.42684429
9027,3.871583808
9028,4.082174667
9029,3.285312675
9030,3.968981959
9031,4.045270864
9032,4.721033405
9033,3.506545495
9034,4.367925571
9035,4.047210825
9036,3.435466022
9037,4.095896614
9038,3.847071633
9039,2.332311884
9040,3.785827461
9041,4.172555939
9042,3.123823175
9043,3.887251926
9044,4.182166204
9045,3.381580238
9046,3.738415212
9047,2.039327479
9048,4.394964374
9049,4.063914847
9050,4.362023436
9051,4.14633181
9052,3.725283693
9053,3.863395907
9054,3.210058974
9055,3.879184158
9056,3.410261639
9057,4.388886698
9058,4.086774792
9059,4.047723992
9060,4.03819032
9061,3.998318948
9062,3.220219014
9063,3.713550434
9064,4.045718745
9065,4.025689106
9066,3.434317064
9067,3.845383897
9068,3.818335266
9069,3.081764656
9070,4.116430543
9071,3.547864653
9072,4.034429012
9073,4.231023225
9074,4.139598692
9075,2.803585111
9076,3.91884247
9077,4.22368589
9078,3.501818372
9079,4.134542316
9080,3.605363068
9081,4.18811011
9082,3.574916787
9083,4.064413275
9084,4.231104228
9085,4.202496176
9086,3.885955946
9087,4.557031884
9088,3.689641587
9089,4.371578686
9090,3.785562266
9091,2.591738153
9092,3.891218673
9093,3.636056091
9094,4.116219782
9095,3.928834945
9096,4.019628669
9097,3.512274781
9098,3.747964257
9099,3.448465345
9100,4.328010458
9101,4.042622647
9102,4.311517525
9103,3.969835234
9104,3.680739496
9105,3.737818062
9106,3.439391762
9107,3.822552477
9108,4.253631501
9109,4.504157062
9110,3.859091828
9111,4.301456711
9112,3.787276305
9113,4.130035967
9114,4.093335633
9115,3.54139462
9116,3.937141073
9117,4.176262043
9118,4.123395827
9119,4.047145362
9120,4.105717774
9121,3.652027122
9122,3.996616062
9123,3.630562033
9124,3.551727678
9125,3.527236015
9126,3.62006062
9127,4.136426694
9128,4.062169898
9129,3.571525433
9130,2.548311779
9131,4.055835099
9132,3.729736505
9133,3.608426644
9134,4.039487417
9135,4.029871198
9136,4.121177742
9137,3.80680384
9138,4.054064659
9139,3.204614561
9140,4.888418328
9141,3.769882282
9142,4.230414586
9143,3.196265373
9144,4.233345149
9145,4.003621818
9146,4.099914451
9147,2.412551335
9148,3.383614318
9149,4.222040455
9150,4.11359788
9151,4.505630004
9152,4.004934274
9153,4.455264203
9154,4.186765409
9155,4.242142091
9156,4.241323736
9157,3.986614072
9158,3.492462195
9159,4.005620731
9160,3.321547398
9161,3.248637062
9162,3.883924323
9163,4.325526939
9164,3.963981335
9165,4.175444112
9166,4.175410299
9167,3.454237767
9168,4.258258422
9169,4.045158425
9170,4.019114896
9171,3.325529754
9172,4.156498436
9173,4.182693507
9174,3.812297246
9175,4.62684117
9176,3.639474159
9177,4.216496824
9178,3.333479302
9179,3.77148907
9180,3.663849273
9181,4.182665896
9182,2.040524386
9183,4.179111649
9184,3.303041535
9185,3.414028708
9186,4.011375962
9187,3.782348228
9188,3.530189727
9189,4.161660249
9190,2.221213266
9191,4.135933029
9192,4.106959691
9193,4.430768216
9194,4.244548999
9195,3.892497934
9196,3.921789264
9197,4.070125443
9198,4.009101345
9199,4.627693339
9200,3.65205075
9201,3.72924408
9202,3.681920694
9203,3.93795909
9204,4.312451081
9205,3.958857624
9206,4.325120945
9207,3.64729998
9208,4.117942267
9209,3.758947294
9210,4.547707999
9211,3.303765907
9212,4.145079131
9213,3.994780832
9214,4.099405545
9215,4.200611967
9216,4.15651382
9217,3.632748076
9218,4.296792547
9219,4.27172226
9220,3.862197501
9221,4.09495269
9222,3.557871002
9223,3.785630324
9224,3.21421701
9225,3.766927804
9226,4.191706692
9227,1.682449327
9228,3.479871182
9229,3.739408422
9230,4.154135311
9231,3.507905882
9232,3.956379307
9233,4.178218445
9234,4.31232188
9235,2.4375866
9236,4.371200153
9237,3.792675701
9238,3.76601094
9239,3.969850369
9240,4.208933343
9241,4.443023978
9242,3.98107689
9243,4.219482077
9244,3.780125301
9245,3.783743762
9246,4.171837587
9247,3.994117454
9248,4.699324477
9249,4.408073781
9250,4.14503002
9251,3.40017576
9252,4.733383126
9253,3.47503648
9254,3.801917264
9255,4.470720172
9256,3.956182612
9257,3.902890878
9258,4.020897331
9259,4.286751913
9260,3.972673049
9261,4.396416547
9262,3.670175436
9263,3.758861886
9264,3.726267788
9265,4.360179125
9266,3.782380189
9267,3.708298572
9268,4.403045075
9269,4.242811378
9270,4.628471796
9271,4.468051079
9272,4.194339913
9273,3.438327532
9274,2.51474092
9275,4.500911182
9276,4.09419957
9277,3.918201206
9278,3.708266847
9279,4.170941838
9280,2.930678894
9281,4.02371794
9282,4.11398858
9283,3.662120439
9284,4.39787339
9285,3.219028546
9286,4.046206894
9287,4.204625244
9288,2.654483159
9289,3.799291255
9290,3.738556535
9291,4.383942596
9292,3.231107123
9293,3.747313739
9294,3.912465276
9295,2.878712342
9296,4.376455312
9297,3.593943998
9298,3.437066874
9299,3.27681277
9300,3.714747862
9301,4.252064911
9302,4.167397256
9303,4.347419591
9304,2.546727622
9305,4.085066009
9306,4.213305222
9307,4.027360962
9308,4.258689762
9309,4.206753144
9310,3.330590871
9311,4.476626467
9312,2.982571459
9313,4.16179605
9314,3.887623817
9315,3.302023005
9316,3.971897872
9317,3.728297601
9318,3.654925274
9319,4.117028164
9320,3.278857922
9321,4.212812097
9322,4.107526842
9323,4.066425403
9324,3.05798493
9325,3.860898167
9326,3.861030477
9327,4.407057458
9328,2.936111174
9329,3.920548098
9330,3.778808235
9331,3.90173862
9332,4.257784244
9333,3.999339608
9334,3.771248872
9335,3.90697789
9336,3.749083369
9337,4.293016312
9338,4.138405029
9339,4.17642927
9340,3.81832198
9341,2.67233816
9342,4.100044024
9343,3.822460686
9344,4.147253904
9345,3.431759331
9346,3.616545892
9347,3.414963675
9348,3.430856921
9349,3.764395346
9350,3.339764417
9351,4.081575309
9352,4.071954282
9353,3.22832757
9354,3.978717407
9355,4.276301777
9356,3.841801626
9357,4.301512563
9358,4.232138273
9359,3.394535898
9360,2.538994145
9361,3.897201
9362,4.181546884
9363,4.344814833
9364,3.234747328
9365,3.165129691
9366,4.025165961
9367,4.167962706
9368,4.632037588
9369,3.86998439
9370,4.447939731
9371,4.00195273
9372,4.135669053
9373,4.122863654
9374,3.727203621
9375,4.401065369
9376,3.568247199
9377,4.222197595
9378,3.952331357
9379,4.466601537
9380,3.861197053
9381,3.979847183
9382,4.392476643
9383,3.221067333
9384,4.086700399
9385,4.009205952
9386,4.484091624
9387,4.450344138
9388,4.347891687
9389,4.412709776
9390,4.006191392
9391,2.697725234
9392,3.813447665
9393,4.256992256
9394,4.337281241
9395,3.473536049
9396,3.842775197
9397,4.328321477
9398,3.775055643
9399,3.33708452
9400,4.009109667
9401,4.174055638
9402,3.718832938
9403,4.449650083
9404,3.887316869
9405,4.172108824
9406,3.774130224
9407,3.009966403
9408,4.34477949
9409,4.029353752
9410,4.087750342
9411,4.216047943
9412,3.188517267
9413,4.248083427
9414,4.227382648
9415,3.806120312
9416,3.373795257
9417,3.670498498
9418,4.204364972
9419,3.594241126
9420,4.264887372
9421,5.034589756
9422,4.001333429
9423,3.597243562
9424,2.971305179
9425,3.889742447
9426,3.736321917
9427,3.852003689
9428,3.764480563
9429,3.789944907
9430,3.382472138
9431,3.360937404
9432,4.00036038
9433,3.94466603
9434,3.337018441
9435,3.30604482
9436,3.784022681
9437,3.46130873
9438,3.606439567
9439,3.970462225
9440,3.170455713
9441,4.272661614
9442,3.606056243
9443,4.09531279
9444,4.252591037
9445,4.284147171
9446,4.541475277
9447,3.858702538
9448,4.026899794
9449,4.253249606
9450,3.615171089
9451,4.205042745
9452,4.328469289
9453,4.202498935
9454,3.857225344
9455,3.776823382
9456,3.868232127
9457,4.672621872
9458,3.645209457
9459,3.779207974
9460,3.949192639
9461,3.284022171
9462,3.640332836
9463,3.896295988
9464,3.889318644
9465,3.994768268
9466,3.264020551
9467,3.836960343
9468,4.161200162
9469,4.026279957
9470,4.019187448
9471,3.327229237
9472,4.090644862
9473,3.455371231
9474,4.212614915
9475,3.873081963
9476,4.706182106
9477,4.71386335
9478,3.427206116
9479,4.042392102
9480,4.117776561
9481,2.348067004
9482,4.355625531
9483,4.034597755
9484,4.494883109
9485,3.921314516
9486,4.079616844
9487,3.255206086
9488,4.226988728
9489,3.639444437
9490,4.212549848
9491,3.608601917
9492,3.866049378
9493,3.488394274
9494,2.731752345
9495,4.585675776
9496,3.607351148
9497,3.379424201
9498,4.259982154
9499,2.861115374
9500,3.734226354
9501,4.069907542
9502,4.281186647
9503,3.854766515
9504,3.913404347
9505,4.36341227
9506,3.487065535
9507,3.548067556
9508,3.05476732
9509,3.404575294
9510,4.080056093
9511,3.835768879
9512,4.067727914
9513,3.638846395
9514,4.085217764
9515,3.808134691
9516,4.015177821
9517,3.54720371
9518,3.805111645
9519,3.961896933
9520,4.179817918
9521,4.042824673
9522,3.637439871
9523,3.660527999
9524,3.866930571
9525,2.652062424
9526,3.788425952
9527,3.116538443
9528,3.539144598
9529,3.824968874
9530,4.189342814
9531,4.702394834
9532,3.3992116
9533,3.460091822
9534,2.889457151
9535,3.347239062
9536,4.259861422
9537,3.777269736
9538,4.095919354
9539,3.517172632
9540,2.851177881
9541,3.294683274
9542,4.521848376
9543,3.735848385
9544,3.110640092
9545,3.917142403
9546,3.93788974
9547,3.569049275
9548,4.195502894
9549,3.140460322
9550,4.322172105
9551,3.29712162
9552,4.033733918
9553,4.340261082
9554,3.924250122
9555,3.950975977
9556,3.472742561
9557,2.608562446
9558,3.807921856
9559,4.058376228
9560,3.484274915
9561,4.332408678
9562,4.134403483
9563,3.969795162
9564,3.961189039
9565,4.284408149
9566,4.334949319
9567,3.393373598
9568,4.36196304
9569,4.230712144
9570,3.869636327
9571,4.031603458
9572,4.122805637
9573,3.748673482
9574,3.794890249
9575,4.194661209
9576,4.52133304
9577,4.253719192
9578,4.001051182
9579,3.993388311
9580,4.201136184
9581,4.148032854
9582,3.403469426
9583,4.316150084
9584,3.196914419
9585,4.228407391
9586,3.648331133
9587,3.754476492
9588,3.903902588
9589,4.122532564
9590,4.494391866
9591,3.359750338
9592,3.718946356
9593,3.905982118
9594,4.106550555
9595,4.045291451
9596,3.572879652
9597,3.973112817
9598,4.173779983
9599,2.964265562
9600,4.359616017
9601,4.229633196
9602,4.021121524
9603,4.447246037
9604,3.451998095
9605,3.803332321
9606,4.275776236
9607,3.773662257
9608,3.643679968
9609,4.044195571
9610,3.651420904
9611,3.689083496
9612,3.83719079
9613,4.450133258
9614,4.22788071
9615,3.808077086
9616,4.174360053
9617,4.039900725
9618,4.099419302
9619,3.840952271
9620,4.232244851
9621,3.79673576
9622,3.497778991
9623,3.792348469
9624,4.092484452
9625,3.814106899
9626,4.572988668
9627,4.146449011
9628,3.927954842
9629,3.87847992
9630,3.994845044
9631,4.476173403
9632,3.783515104
9633,4.671287789
9634,3.752815139
9635,2.45844317
9636,3.370671018
9637,3.048369929
9638,3.810756907
9639,4.091528652
9640,3.981287179
9641,4.230029763
9642,3.697065553
9643,3.872045531
9644,3.89156567
9645,3.848151617
9646,4.773765324
9647,3.536058927
9648,4.049086643
9649,4.475905479
9650,3.256118899
9651,3.86481023
9652,4.052562186
9653,4.097080231
9654,3.891279733
9655,4.023795503
9656,4.055095926
9657,4.297567714
9658,4.279098615
9659,4.071996675
9660,4.096346208
9661,4.28568789
9662,4.245778191
9663,4.57035585
9664,4.294468215
9665,4.298056612
9666,3.870372131
9667,3.868275046
9668,3.829518263
9669,3.841273976
9670,3.613764808
9671,3.569866684
9672,3.354234305
9673,4.04071447
9674,3.401967257
9675,3.566413772
9676,4.081082354
9677,3.032916077
9678,4.253430701
9679,3.870984396
9680,4.244316003
9681,3.985179551
9682,4.109071067
9683,4.348011977
9684,4.771226817
9685,4.315054996
9686,3.98474788
9687,3.365489637
9688,4.217415675
9689,3.943459481
9690,3.209188835
9691,4.029594776
9692,3.933195455
9693,4.077534855
9694,3.752258953
9695,3.550935223
9696,3.799660113
9697,4.48056653
9698,3.946742192
9699,3.993013222
9700,4.613176268
9701,3.727497773
9702,4.14646907
9703,3.59463479
9704,2.424962615
9705,4.836269133
9706,4.197284001
9707,4.201532732
9708,3.720975195
9709,3.629142663
9710,4.20906986
9711,4.846847681
9712,2.924650426
9713,4.112215238
9714,3.522306983
9715,3.643590151
9716,3.908266076
9717,3.92196745
9718,3.665005401
9719,4.446207973
9720,3.866679205
9721,4.090089035
9722,4.141381285
9723,3.604466579
9724,4.398712838
9725,3.885599987
9726,3.188298696
9727,3.089992322
9728,2.969043728
9729,3.166312019
9730,4.029459848
9731,4.331937699
9732,4.235472893
9733,3.842741203
9734,3.824925942
9735,4.047252732
9736,3.766741648
9737,3.690073665
9738,4.194677508
9739,3.284573136
9740,4.559517008
9741,4.032609881
9742,3.637006123
9743,3.373829779
9744,3.804372751
9745,3.646145511
9746,3.951713272
9747,3.886149135
9748,4.253665268
9749,4.115984927
9750,2.841929861
9751,4.286645416
9752,4.204249576
9753,3.66006081
9754,4.403106088
9755,3.608641855
9756,4.335141362
9757,3.985061831
9758,3.714559892
9759,4.431653864
9760,3.681838229
9761,4.135003344
9762,4.418154866
9763,4.612212388
9764,3.849212242
9765,3.871467991
9766,3.713665425
9767,4.184658308
9768,4.143402924
9769,3.560953876
9770,4.511480277
9771,3.775283132
9772,3.584502753
9773,3.704657383
9774,3.274236641
9775,3.231748049
9776,4.124767966
9777,3.824218246
9778,3.943882538
9779,4.448336617
9780,3.692185635
9781,4.16248804
9782,4.286554399
9783,3.826717721
9784,3.740020726
9785,3.97383349
9786,3.301104298
9787,3.856762982
9788,3.236946192
9789,4.321234284
9790,4.677175781
9791,3.864384766
9792,3.9891672
9793,3.008069181
9794,3.975385242
9795,4.398933132
9796,3.586564356
9797,2.823641957
9798,4.107202994
9799,4.09930792
9800,3.905926546
9801,3.787542094
9802,4.285324734
9803,4.079517635
9804,4.223167193
9805,3.677868969
9806,4.749961604
9807,4.606946516
9808,4.061961577
9809,4.442192659
9810,4.102059795
9811,3.688402594
9812,4.103712701
9813,3.984131952
9814,3.596095056
9815,3.776542839
9816,3.765169747
9817,3.878718223
9818,3.944152025
9819,4.205279061
9820,3.666102539
9821,3.950802673
9822,4.136459429
9823,3.446024903
9824,3.285536883
9825,4.413887632
9826,3.861158651
9827,4.11325469
9828,4.20851199
9829,4.110871713
9830,3.720508703
9831,4.318731815
9832,3.92802528
9833,3.9379272
9834,4.912331504
9835,4.309761176
9836,4.124288604
9837,3.76699125
9838,4.349201029
9839,2.878733916
9840,4.311629727
9841,3.36918883
9842,3.941716208
9843,4.15237441
9844,4.225737686
9845,4.130752797
9846,3.422277236
9847,3.324259917
9848,4.150677307
9849,4.07731246
9850,4.524027824
9851,4.289141118
9852,4.61681331
9853,2.826913943
9854,3.092085112
9855,3.88877316
9856,4.047110446
9857,4.265751749
9858,3.712744192
9859,4.07161266
9860,3.77466583
9861,4.271877689
9862,4.276921974
9863,4.053987294
9864,3.89917216
9865,4.164308982
9866,3.046994991
9867,3.553356066
9868,3.467350475
9869,4.044967709
9870,4.157485092
9871,3.858585235
9872,4.368180156
9873,3.658122669
9874,4.240843212
9875,4.60422156
9876,3.628711205
9877,4.358171605
9878,4.515599698
9879,3.997044931
9880,4.059496076
9881,4.141194911
9882,3.629349742
9883,3.659339445
9884,4.046380587
9885,4.124486225
9886,3.521972311
9887,4.454305731
9888,4.21545086
9889,3.862335415
9890,4.40530256
9891,3.315685544
9892,3.985327471
9893,4.718452837
9894,4.314504327
9895,4.219569546
9896,3.956914536
9897,4.032164405
9898,3.533712276
9899,4.287822531
9900,3.758376291
9901,3.512495995
9902,3.245722749
9903,4.214770754
9904,3.058206905
9905,4.077970766
9906,4.077550132
9907,4.137511252
9908,4.404762554
9909,3.883410671
9910,4.410737488
9911,3.717217459
9912,4.386658702
9913,4.409646322
9914,3.519968392
9915,4.529032427
9916,4.148948097
9917,2.88214562
9918,3.87623515
9919,4.285094968
9920,3.858246468
9921,4.143447734
9922,3.594729936
9923,4.125725488
9924,3.718816719
9925,3.901710058
9926,3.699598977
9927,4.065920706
9928,3.614858105
9929,4.169018317
9930,4.189047683
9931,4.360898556
9932,3.782117009
9933,3.962250893
9934,3.338330031
9935,2.239704888
9936,4.043480442
9937,4.40506443
9938,4.622744629
9939,3.895247276
9940,4.302338719
9941,3.29708338
9942,3.611563072
9943,3.922904012
9944,3.840864632
9945,4.581821433
9946,2.847520737
9947,4.069558048
9948,2.876084294
9949,4.288530864
9950,3.648408368
9951,3.778555338
9952,4.101100836
9953,4.149057555
9954,1.814273472
9955,4.0157714
9956,4.461532677
9957,4.298112026
9958,4.141159346
9959,4.411335447
9960,3.73574195
9961,4.371201192
9962,4.261416477
9963,2.69357677
9964,4.047140736
9965,4.220551063
9966,3.956752345
9967,4.097135981
9968,3.599742091
9969,4.465398089
9970,2.588324076
9971,3.773475841
9972,4.340406009
9973,3.552476628
9974,3.448262522
9975,4.249860462
9976,3.726757064
9977,4.372665338
9978,3.124021666
9979,4.164464558
9980,4.288920819
9981,3.862879196
9982,4.342827687
9983,3.998193864
9984,3.610518481
9985,4.222001884
9986,3.388135982
9987,4.304802244
9988,3.530426111
9989,2.267764621
9990,4.374935784
9991,3.646116355
9992,3.341056128
9993,3.804282409
9994,3.867663699
9995,3.744918668
9996,4.242569652
9997,4.275020703
9998,4.043831563
9999,3.763640854
10000,4.222481269
10001,4.294619776
10002,4.0467231
10003,4.022419507
10004,3.802321784
10005,3.591854017
10006,4.085255833
10007,2.32078362
10008,4.146357638
10009,4.187799321
10010,3.87915849
10011,3.683944722
10012,4.373646948
10013,3.570069917
10014,3.718347334
10015,4.082445592
10016,3.58298821
10017,3.641946559
10018,2.903873541
10019,2.906214224
10020,3.569221708
10021,4.219003001
10022,4.334045992
10023,4.163534957
10024,3.503786952
10025,3.610006708
10026,4.316511972
10027,3.526710314
10028,3.80374577
10029,4.555335287
10030,3.803532683
10031,3.89829682
10032,3.752756995
10033,3.836454313
10034,3.912531647
10035,3.880700993
10036,3.652359348
10037,4.296529884
10038,3.763099182
10039,4.127611012
10040,4.063298594
10041,4.507203955
10042,3.861487211
10043,4.591829745
10044,4.434132221
10045,3.910022376
10046,4.63573808
10047,3.547354438
10048,3.950690761
10049,4.310267896
10050,3.468076169
10051,4.360471165
10052,4.065121926
10053,4.242220342
10054,2.55720955
10055,3.23902299
10056,4.382539108
10057,3.711403757
10058,4.270560665
10059,3.478105486
10060,3.851488771
10061,4.167635549
10062,4.015874796
10063,4.142096528
10064,3.606013638
10065,3.462989626
10066,3.784878385
10067,4.074321175
10068,4.075842213
10069,3.758967554
10070,3.750029677
10071,4.252883143
10072,3.865166798
10073,4.050225902
10074,4.008891859
10075,3.743355887
10076,3.958149619
10077,4.211834365
10078,3.576177448
10079,3.824151761
10080,3.890633148
10081,4.035853423
10082,4.432450905
10083,4.024665068
10084,3.449567182
10085,3.688949837
10086,4.313077161
10087,4.384363131
10088,4.436581587
10089,2.356450897
10090,3.819747092
10091,4.329835759
10092,3.929304684
10093,3.926640238
10094,4.099579046
10095,4.259854484
10096,3.689723933
10097,3.946016014
10098,4.383921229
10099,3.859471038
10100,3.52571495
10101,3.825918911
10102,4.498589803
10103,3.906962176
10104,4.132614047
10105,4.269023446
10106,4.319010855
10107,3.750142186
10108,4.370550443
10109,3.825433722
10110,4.271248862
10111,4.407462196
10112,4.271807237
10113,4.249063797
10114,3.022193754
10115,4.350141305
10116,3.196815251
10117,5.248842904
10118,4.001644816
10119,3.670947668
10120,3.622809173
10121,4.097750247
10122,4.188222891
10123,3.698605245
10124,3.951586255
10125,2.600985782
10126,3.983908971
10127,3.920378093
10128,4.055445605
10129,4.2433732
10130,4.114429627
10131,4.165214494
10132,4.241718892
10133,3.619545793
10134,3.306828157
10135,3.641758499
10136,4.396519554
10137,3.175555948
10138,3.996563736
10139,4.311865931
10140,4.518986576
10141,3.945030869
10142,3.107723357
10143,4.243961893
10144,3.872832812
10145,3.955096783
10146,4.129938152
10147,4.615064165
10148,3.978042089
10149,4.016263906
10150,3.327147881
10151,4.412231514
10152,4.121606913
10153,3.474748582
10154,4.510110073
10155,3.850036715
10156,3.785633055
10157,3.888083244
10158,4.086767194
10159,3.948215532
10160,1.983617453
10161,4.199096041
10162,4.125786149
10163,3.889786665
10164,3.179484271
10165,4.50530945
10166,3.764973391
10167,3.835065678
10168,3.244813028
10169,3.883112316
10170,3.361792709
10171,3.922178207
10172,4.214106118
10173,4.123532588
10174,3.942447345
10175,4.094394511
10176,3.549367302
10177,4.239602733
10178,3.219795149
10179,3.576001738
10180,4.027792259
10181,3.559962077
10182,4.318828557
10183,3.574187399
10184,3.925307248
10185,4.18487029
10186,4.080327431
10187,3.861798054
10188,4.163327835
10189,3.439841533
10190,4.338240115
10191,3.673359775
10192,3.833963313
10193,4.287662767
10194,4.072528163
10195,4.30310108
10196,4.036894746
10197,4.422331157
10198,3.690165838
10199,3.792327777
10200,4.35023263
10201,4.247645321
10202,3.797901306
10203,4.048203481
10204,4.374183507
10205,3.876072209
10206,3.716610205
10207,4.027564111
10208,4.191343179
10209,3.115828526
10210,3.333755727
10211,3.887987938
10212,4.180146984
10213,4.227006249
10214,3.993650824
10215,3.871984137
10216,3.687916918
10217,3.96539284
10218,4.384355368
10219,4.097401568
10220,4.368643194
10221,3.880693693
10222,4.262371481
10223,3.697270848
10224,3.498079109
10225,4.029771505
10226,3.983321998
10227,3.653854573
10228,3.663841453
10229,3.909709436
10230,4.084951196
10231,3.779562587
10232,4.353243563
10233,3.729330593
10234,4.031159497
10235,3.642673617
10236,5.04353073
10237,3.638135695
10238,3.695436062
10239,4.182888134
10240,2.727719398
10241,4.04763696
10242,4.09357255
10243,4.021449846
10244,3.831944583
10245,4.238617967
10246,4.378259094
10247,4.534789758
10248,3.43574222
10249,4.174282201
10250,3.899996657
10251,3.86654125
10252,4.154297123
10253,4.109098278
10254,3.608995426
10255,4.140033927
10256,3.543337929
10257,3.990644438
10258,4.337757566
10259,3.721062603
10260,3.958551525
10261,3.829052898
10262,3.84633464
10263,2.894163503
10264,4.206856806
10265,3.781682612
10266,3.846968265
10267,3.611167094
10268,4.123126009
10269,4.270385558
10270,3.381377579
10271,3.264575032
10272,4.243095508
10273,4.07002298
10274,3.853889102
10275,3.667610982
10276,4.258819035
10277,4.686976119
10278,4.326548589
10279,3.992863325
10280,4.208233236
10281,4.398995072
10282,3.702851493
10283,3.691851463
10284,4.173743703
10285,4.570358318
10286,4.66135701
10287,3.147339989
10288,4.126540679
10289,4.181808292
10290,3.665906226
10291,4.213006617
10292,4.471084516
10293,3.919813796
10294,3.838864185
10295,4.383380021
10296,4.448636038
10297,3.920393419
10298,3.291383662
10299,4.18823154
10300,4.076293351
10301,4.131212969
10302,3.903737272
10303,3.496226141
10304,4.06703985
10305,4.187811201
10306,3.508746918
10307,4.272930517
10308,4.232613162
10309,4.014524638
10310,3.133397772
10311,3.919768942
10312,3.764753446
10313,3.746743084
10314,4.394880761
10315,4.244675348
10316,4.011375313
10317,3.224136053
10318,3.546212868
10319,4.046946029
10320,3.963587825
10321,4.39102192
10322,4.168100685
10323,4.246477159
10324,4.47506628
10325,3.752814571
10326,3.8460907
10327,4.252312138
10328,4.071128921
10329,3.420653165
10330,3.862542283
10331,4.150739914
10332,4.022312366
10333,3.973541744
10334,3.741730349
10335,4.234761031
10336,4.083651887
10337,4.385926903
10338,2.931963608
10339,4.416007914
10340,4.139472282
10341,4.447719091
10342,4.047896493
10343,4.400727318
10344,3.237118478
10345,3.297967518
10346,3.766042431
10347,4.095957312
10348,3.53869395
10349,4.098060246
10350,3.166744572
10351,3.548868231
10352,4.107675474
10353,3.311906666
10354,4.422690888
10355,3.887030084
10356,3.275208098
10357,4.106700309
10358,4.285416168
10359,2.989660789
10360,4.016314435
10361,3.594325668
10362,3.469002622
10363,3.569662044
10364,3.961642635
10365,3.925626015
10366,2.729343329
10367,3.309688276
10368,3.219106123
10369,3.765287557
10370,4.120745568
10371,3.761012007
10372,4.044953787
10373,4.311920251
10374,3.472387523
10375,4.313230756
10376,4.053104373
10377,4.25149694
10378,3.257250874
10379,4.185289944
10380,4.169684925
10381,4.288809216
10382,3.874317034
10383,4.168255333
10384,3.917123144
10385,3.970572363
10386,3.685961121
10387,4.758085482
10388,3.764709074
10389,3.698196668
10390,3.075761511
10391,2.565981541
10392,3.521533065
10393,4.057831428
10394,4.052751715
10395,3.819406397
10396,4.240942598
10397,4.340556338
10398,2.616009803
10399,3.334359756
10400,4.238620611
10401,4.628555892
10402,4.243547166
10403,4.362410445
10404,4.152726806
10405,4.454352796
10406,4.178909193
10407,3.802625683
10408,3.49204298
10409,4.076667332
10410,4.042241886
10411,4.179529013
10412,3.776502538
10413,3.812422362
10414,3.968591055
10415,3.764812911
10416,3.838330341
10417,2.825575901
10418,4.108511103
10419,3.600688134
10420,3.887786285
10421,3.803224944
10422,3.526667215
10423,3.885172765
10424,4.06779145
10425,3.732012423
10426,3.612092761
10427,4.116921407
10428,2.756105549
10429,4.355979475
10430,3.779355534
10431,4.176038322
10432,4.331548234
10433,4.49663969
10434,4.06039242
10435,4.122761876
10436,4.826065904
10437,3.689178802
10438,4.187845916
10439,3.726532476
10440,3.725925154
10441,3.827426603
10442,4.175663526
10443,4.0223718
10444,3.909386764
10445,3.970005016
10446,3.94495325
10447,3.93601256
10448,4.237373998
10449,4.44089277
10450,4.385195144
10451,3.563894865
10452,4.119662178
10453,3.554443868
10454,4.16233804
10455,3.671031473
10456,4.016622721
10457,4.318740942
10458,4.517480336
10459,4.421746338
10460,4.259483391
10461,4.119213659
10462,3.577167386
10463,3.913865557
10464,2.295811027
10465,3.868269451
10466,4.326735872
10467,4.098884237
10468,3.997190236
10469,3.930675075
10470,4.090523175
10471,4.120605583
10472,4.126406266
10473,4.282988142
10474,3.405555285
10475,4.061786598
10476,3.492841735
10477,4.092339283
10478,4.013696397
10479,4.321377821
10480,4.142280406
10481,4.067030127
10482,3.557307537
10483,4.308599474
10484,4.151861658
10485,3.999426636
10486,4.191300783
10487,3.338309152
10488,4.001874741
10489,4.075604215
10490,4.158382424
10491,4.076348351
10492,4.04220638
10493,3.631176038
10494,3.896426056
10495,4.249729044
10496,4.149595463
10497,4.019580693
10498,4.156250018
10499,3.863281893
10500,4.415905091
10501,3.937771476
10502,3.922882583
10503,4.099269535
10504,4.378843366
10505,4.509545406
10506,3.820428549
10507,4.165797884
10508,3.891496218
10509,3.713678376
10510,3.733413485
10511,3.629527477
10512,4.249515363
10513,3.06097179
10514,3.850393265
10515,4.143734568
10516,3.975375393
10517,4.343771564
10518,3.96771433
10519,4.178767731
10520,4.183144959
10521,4.331673214
10522,3.891980612
10523,3.859139742
10524,4.31311217
10525,3.81543037
10526,3.981762939
10527,4.057055725
10528,3.597887495
10529,3.83159943
10530,4.730788101
10531,3.91283202
10532,3.980114155
10533,3.18715871
10534,4.180013371
10535,3.535616951
10536,3.79806797
10537,3.346998632
10538,3.966122342
10539,4.460165463
10540,3.4677309
10541,3.135689169
10542,3.833272553
10543,4.168173444
10544,4.186022366
10545,3.566966486
10546,4.346929523
10547,3.734858782
10548,3.895156544
10549,4.11323532
10550,4.193507969
10551,3.645077783
10552,3.557162538
10553,4.02176707
10554,4.677585665
10555,4.07390369
10556,3.205789531
10557,3.82711458
10558,3.681082698
10559,4.155210272
10560,3.257407486
10561,3.756096857
10562,2.711824092
10563,2.594736747
10564,3.869746721
10565,3.39600762
10566,2.395101725
10567,4.209572702
10568,3.92242145
10569,3.826956721
10570,3.583245256
10571,3.248184091
10572,4.379121525
10573,4.152459699
10574,3.93844704
10575,4.17449956
10576,3.665561842
10577,4.46825728
10578,3.414124763
10579,3.845726162
10580,3.265214868
10581,3.013601421
10582,3.485787231
10583,4.174600229
10584,3.804693894
10585,4.116594828
10586,3.779900226
10587,4.307510169
10588,4.127387453
10589,3.800585433
10590,3.956345918
10591,4.570046358
10592,4.095126668
10593,3.34141965
10594,4.126020127
10595,4.206511793
10596,4.094523566
10597,4.147322614
10598,3.55590537
10599,3.668791052
10600,3.815981585
10601,3.73637039
10602,4.157884866
10603,4.16081452
10604,4.14144335
10605,3.975428211
10606,3.922134489
10607,4.276055262
10608,4.305579884
10609,4.645433527
10610,4.040994982
10611,3.956498139
10612,4.267739078
10613,3.75583325
10614,4.052473166
10615,3.599672376
10616,3.035093871
10617,3.680501783
10618,3.848521303
10619,3.730275921
10620,4.468444707
10621,4.145289069
10622,4.008639329
10623,3.610073185
10624,3.391078422
10625,3.850711692
10626,3.473482135
10627,4.14424165
10628,4.248184279
10629,4.108775356
10630,3.885268042
10631,3.500022736
10632,3.942662911
10633,4.143659451
10634,4.66560699
10635,4.421735602
10636,3.7828914
10637,4.403396261
10638,4.434059434
10639,3.177388356
10640,4.368940316
10641,4.301686309
10642,3.302777325
10643,3.521736445
10644,4.34267278
10645,3.817632587
10646,3.554589778
10647,4.179805736
10648,4.084808454
10649,4.202170976
10650,4.120235849
10651,4.096285485
10652,2.699432435
10653,3.940029788
10654,2.707334387
10655,3.587879447
10656,4.204398761
10657,3.875280918
10658,4.259766831
10659,3.742727415
10660,4.272951662
10661,3.94177483
10662,3.952104819
10663,4.037038443
10664,4.333359592
10665,2.581533013
10666,3.621745898
10667,3.881762292
10668,4.034610001
10669,1.44385043
10670,4.505306788
10671,3.401955142
10672,3.862400631
10673,4.102344651
10674,4.490122193
10675,3.935760285
10676,2.981414105
10677,4.4979922
10678,4.237510319
10679,3.879627438
10680,3.659793373
10681,4.274333287
10682,3.880059977
10683,4.561298546
10684,4.13537772
10685,3.593331733
10686,3.664056254
10687,4.259005316
10688,2.234011362
10689,3.916247994
10690,3.24433286
10691,4.228726523
10692,4.314538739
10693,3.405864311
10694,3.463791348
10695,4.290452471
10696,3.799552713
10697,3.894594851
10698,3.942294039
10699,4.288492804
10700,4.233089739
10701,4.152619236
10702,3.856028585
10703,4.002555819
10704,4.046322169
10705,3.86191923
10706,4.004353971
10707,3.946619431
10708,4.299697448
10709,4.443209324
10710,3.416419241
10711,3.670349385
10712,2.482473663
10713,3.977866185
10714,3.887838953
10715,4.01082293
10716,4.6947803
10717,4.065314789
10718,4.144990711
10719,4.085650223
10720,4.077566564
10721,4.03093509
10722,4.2365282
10723,4.444261302
10724,2.896361771
10725,3.777938698
10726,4.498570785
10727,3.810282696
10728,4.066600384
10729,3.859160935
10730,4.251712468
10731,3.814263098
10732,4.220783943
10733,2.936228251
10734,3.587568078
10735,3.972375131
10736,3.224752547
10737,3.574623993
10738,4.19914406
10739,4.286661244
10740,4.024959187
10741,3.004090561
10742,3.641981647
10743,3.639053642
10744,4.221137952
10745,2.069147739
10746,4.146217021
10747,4.193886078
10748,4.075459301
10749,3.654401559
10750,4.112416427
10751,3.784151564
10752,4.170475378
10753,4.517489251
10754,4.206251991
10755,4.074007301
10756,3.844854251
10757,4.149730998
10758,3.581490851
10759,4.123788888
10760,3.819801868
10761,3.983902822
10762,3.170999585
10763,4.008267551
10764,4.316987423
10765,3.895826738
10766,3.64799976
10767,4.500233894
10768,4.141269974
10769,4.102757008
10770,2.065807684
10771,4.148188267
10772,3.484285721
10773,4.203062891
10774,3.486821444
10775,3.605072724
10776,3.792027918
10777,4.766114071
10778,4.149669805
10779,3.570052698
10780,3.94191962
10781,3.347401104
10782,3.876382061
10783,4.424805234
10784,3.777232686
10785,3.3129666
10786,3.988001754
10787,4.604806807
10788,4.136098423
10789,3.750119352
10790,3.687275787
10791,3.913488412
10792,4.224803699
10793,3.533928152
10794,3.926504699
10795,3.940784196
10796,2.743675272
10797,2.831780433
10798,4.04941155
10799,3.733802629
10800,4.152529374
10801,3.827662693
10802,3.380460973
10803,3.860558531
10804,3.747849994
10805,4.302072724
10806,4.07098806
10807,3.478210058
10808,3.392993686
10809,3.934213375
10810,4.139535896
10811,4.01855557
10812,4.548024353
10813,3.954905869
10814,3.957253983
10815,3.831805775
10816,4.551179598
10817,3.686675375
10818,2.933197544
10819,4.169288985
10820,4.224252479
10821,3.686371481
10822,4.322636037
10823,4.138851618
10824,4.625817419
10825,3.562901882
10826,4.13298804
10827,3.848797523
10828,3.645109251
10829,4.027023294
10830,3.600618561
10831,3.990945815
10832,3.91296145
10833,4.369206874
10834,2.30060275
10835,3.299715194
10836,3.770175096
10837,4.013527086
10838,3.229618545
10839,3.713059136
10840,4.024726359
10841,4.447245954
10842,3.880603484
10843,3.760320166
10844,4.170046857
10845,3.968058852
10846,2.616523663
10847,3.845305062
10848,3.616586537
10849,3.819199348
10850,4.052071174
10851,3.878975414
10852,3.760714006
10853,4.259908027
10854,2.736947381
10855,3.473781926
10856,4.328084142
10857,4.169496446
10858,4.173754803
10859,4.094780517
10860,4.026155122
10861,4.250750654
10862,4.114249881
10863,3.981665021
10864,3.874650194
10865,3.805586108
10866,4.002447835
10867,4.052334196
10868,3.644379073
10869,3.735115189
10870,4.050619068
10871,3.491787007
10872,3.593484918
10873,4.406264311
10874,3.783922441
10875,4.27152226
10876,3.915904812
10877,3.807820802
10878,4.744290211
10879,3.885213415
10880,4.079746975
10881,3.865712905
10882,4.316790291
10883,4.526248236
10884,4.919097279
10885,4.094458119
10886,4.090960717
10887,3.669716137
10888,3.36958635
10889,4.253809239
10890,2.428602071
10891,4.63537842
10892,4.098915801
10893,4.23555061
10894,4.279442529
10895,4.424199399
10896,4.212500028
10897,3.767783451
10898,3.6575285
10899,3.464895233
10900,4.282331873
10901,4.064424178
10902,4.013478088
10903,3.759448815
10904,3.764108357
10905,3.436296342
10906,3.464141005
10907,3.922520438
10908,4.143313004
10909,3.630620392
10910,4.704106606
10911,4.184477323
10912,3.751819923
10913,3.894684504
10914,4.265604094
10915,3.758215089
10916,3.949883617
10917,4.345139787
10918,3.561599283
10919,3.626553257
10920,3.922986749
10921,3.691789325
10922,3.721842466
10923,4.166231411
10924,3.901970351
10925,3.97793029
10926,3.349080028
10927,3.674636626
10928,3.706797948
10929,4.480374388
10930,4.503397696
10931,4.007218815
10932,4.175118944
10933,3.351173707
10934,4.092582746
10935,3.006838137
10936,4.069304016
10937,3.522291959
10938,3.325771901
10939,4.416434853
10940,4.019112052
10941,4.092492672
10942,3.90123302
10943,3.791891149
10944,3.043066575
10945,2.919052366
10946,3.805720568
10947,4.234574193
10948,3.834661833
10949,4.499695012
10950,4.019745176
10951,3.922947016
10952,3.973492601
10953,3.849762099
10954,3.972658602
10955,3.730929352
10956,3.797315834
10957,4.026588303
10958,4.440541973
10959,4.042799712
10960,4.074569528
10961,4.205402568
10962,4.099306334
10963,3.544745485
10964,3.595444371
10965,3.473989446
10966,4.119962902
10967,3.92914184
10968,5.102310192
